{
  "hash": "c1b29c50",
  "configHash": "0a38bf03",
  "lockfileHash": "0e9c22a3",
  "browserHash": "c57eb952",
  "optimized": {
    "@angular/common/http": {
      "src": "../../../../../node_modules/@angular/common/fesm2022/http.mjs",
      "file": "@angular_common_http.js",
      "fileHash": "f187d986",
      "needsInterop": false
    },
    "@angular/core": {
      "src": "../../../../../node_modules/@angular/core/fesm2022/core.mjs",
      "file": "@angular_core.js",
      "fileHash": "d52ea945",
      "needsInterop": false
    },
    "@angular/forms": {
      "src": "../../../../../node_modules/@angular/forms/fesm2022/forms.mjs",
      "file": "@angular_forms.js",
      "fileHash": "aba4cd67",
      "needsInterop": false
    },
    "@angular/material/button": {
      "src": "../../../../../node_modules/@angular/material/fesm2022/button.mjs",
      "file": "@angular_material_button.js",
      "fileHash": "cde12acd",
      "needsInterop": false
    },
    "@angular/material/checkbox": {
      "src": "../../../../../node_modules/@angular/material/fesm2022/checkbox.mjs",
      "file": "@angular_material_checkbox.js",
      "fileHash": "795bfe43",
      "needsInterop": false
    },
    "@angular/material/core": {
      "src": "../../../../../node_modules/@angular/material/fesm2022/core.mjs",
      "file": "@angular_material_core.js",
      "fileHash": "98dc8fb8",
      "needsInterop": false
    },
    "@angular/material/divider": {
      "src": "../../../../../node_modules/@angular/material/fesm2022/divider.mjs",
      "file": "@angular_material_divider.js",
      "fileHash": "15e62c88",
      "needsInterop": false
    },
    "@angular/material/form-field": {
      "src": "../../../../../node_modules/@angular/material/fesm2022/form-field.mjs",
      "file": "@angular_material_form-field.js",
      "fileHash": "f0e5104d",
      "needsInterop": false
    },
    "@angular/material/grid-list": {
      "src": "../../../../../node_modules/@angular/material/fesm2022/grid-list.mjs",
      "file": "@angular_material_grid-list.js",
      "fileHash": "9c021f1d",
      "needsInterop": false
    },
    "@angular/material/icon": {
      "src": "../../../../../node_modules/@angular/material/fesm2022/icon.mjs",
      "file": "@angular_material_icon.js",
      "fileHash": "a77bd4c6",
      "needsInterop": false
    },
    "@angular/material/input": {
      "src": "../../../../../node_modules/@angular/material/fesm2022/input.mjs",
      "file": "@angular_material_input.js",
      "fileHash": "b1ca1d0d",
      "needsInterop": false
    },
    "@angular/material/radio": {
      "src": "../../../../../node_modules/@angular/material/fesm2022/radio.mjs",
      "file": "@angular_material_radio.js",
      "fileHash": "3f420ee1",
      "needsInterop": false
    },
    "@angular/material/select": {
      "src": "../../../../../node_modules/@angular/material/fesm2022/select.mjs",
      "file": "@angular_material_select.js",
      "fileHash": "9357f3cc",
      "needsInterop": false
    },
    "@angular/material/table": {
      "src": "../../../../../node_modules/@angular/material/fesm2022/table.mjs",
      "file": "@angular_material_table.js",
      "fileHash": "effd973e",
      "needsInterop": false
    },
    "@angular/material/toolbar": {
      "src": "../../../../../node_modules/@angular/material/fesm2022/toolbar.mjs",
      "file": "@angular_material_toolbar.js",
      "fileHash": "1591b555",
      "needsInterop": false
    },
    "@angular/platform-browser": {
      "src": "../../../../../node_modules/@angular/platform-browser/fesm2022/platform-browser.mjs",
      "file": "@angular_platform-browser.js",
      "fileHash": "b1a290fb",
      "needsInterop": false
    },
    "@angular/platform-browser/animations": {
      "src": "../../../../../node_modules/@angular/platform-browser/fesm2022/animations.mjs",
      "file": "@angular_platform-browser_animations.js",
      "fileHash": "bc39f222",
      "needsInterop": false
    },
    "@angular/router": {
      "src": "../../../../../node_modules/@angular/router/fesm2022/router.mjs",
      "file": "@angular_router.js",
      "fileHash": "49276b11",
      "needsInterop": false
    },
    "rxjs": {
      "src": "../../../../../node_modules/rxjs/dist/esm5/index.js",
      "file": "rxjs.js",
      "fileHash": "da665c25",
      "needsInterop": false
    }
  },
  "chunks": {
    "chunk-GRQUXWVT": {
      "file": "chunk-GRQUXWVT.js"
    },
    "chunk-KVCSW5TO": {
      "file": "chunk-KVCSW5TO.js"
    },
    "chunk-ARMCQOHS": {
      "file": "chunk-ARMCQOHS.js"
    },
    "chunk-ZHBNSEFW": {
      "file": "chunk-ZHBNSEFW.js"
    },
    "chunk-MORF6NC6": {
      "file": "chunk-MORF6NC6.js"
    },
    "chunk-FV6KAFBH": {
      "file": "chunk-FV6KAFBH.js"
    },
    "chunk-CSEFU2QD": {
      "file": "chunk-CSEFU2QD.js"
    },
    "chunk-7TZDVMFW": {
      "file": "chunk-7TZDVMFW.js"
    },
    "chunk-VTSZ352R": {
      "file": "chunk-VTSZ352R.js"
    },
    "chunk-VZD2ANCY": {
      "file": "chunk-VZD2ANCY.js"
    },
    "chunk-2CVCC5YH": {
      "file": "chunk-2CVCC5YH.js"
    }
  }
}